Ubar,Mubar,Type,Actual_Phase,Predicted_Phase
0.0,5.15,Predicted,0.0,1
0.1,5.550000000000001,Predicted,0.0,0
0.2,5.95,Predicted,0.0,1
0.30000000000000004,6.3500000000000005,Predicted,0.0,1
0.4,6.75,Predicted,0.0,1
0.5,7.15,Predicted,0.0,1
0.6000000000000001,7.550000000000001,Predicted,0.0,0
0.7000000000000001,7.95,Predicted,0.0,1
0.8,8.25,Predicted,1.0,1
0.9,8.65,Predicted,1.0,1
1.0,9.05,Predicted,0.0,0
1.1,9.45,Predicted,1.0,1
1.2000000000000002,9.850000000000001,Predicted,0.0,0
1.3,10.25,Predicted,1.0,1
1.4000000000000001,10.650000000000002,Predicted,0.0,0
1.5,11.05,Predicted,0.0,1
1.6,11.45,Predicted,1.0,1
1.7000000000000002,11.850000000000001,Predicted,1.0,0
1.8,12.25,Predicted,1.0,1
1.9000000000000001,12.75,Predicted,0.0,1
2.0,13.150000000000002,Predicted,0.0,0
2.1,13.55,Predicted,0.0,1
2.2,13.95,Predicted,0.0,1
2.3000000000000003,14.350000000000001,Predicted,0.0,0
2.4000000000000004,14.75,Predicted,0.0,1
2.5,15.150000000000002,Predicted,0.0,0
2.6,15.55,Predicted,0.0,1
2.7,15.95,Predicted,0.0,1
2.8000000000000003,16.35,Predicted,0.0,1
2.9000000000000004,16.75,Predicted,0.0,1
3.0,17.15,Predicted,0.0,1
3.1,17.55,Predicted,0.0,1
3.2,17.950000000000003,Predicted,0.0,0
3.3000000000000003,18.35,Predicted,0.0,1
3.4000000000000004,18.75,Predicted,0.0,1
3.5,19.150000000000002,Predicted,0.0,1
3.6,19.55,Predicted,0.0,1
3.7,19.950000000000003,Predicted,0.0,0
3.8000000000000003,20.35,Predicted,0.0,1
3.9000000000000004,20.75,Predicted,0.0,1
4.0,21.150000000000002,Predicted,0.0,1
4.1000000000000005,21.55,Predicted,0.0,1
4.2,21.950000000000003,Predicted,0.0,0
4.3,22.35,Predicted,0.0,1
4.4,22.75,Predicted,0.0,1
4.5,23.150000000000002,Predicted,0.0,1
4.6000000000000005,23.55,Predicted,0.0,1
4.7,23.950000000000003,Predicted,0.0,0
4.800000000000001,24.35,Predicted,0.0,1
4.9,24.75,Predicted,0.0,1
5.0,25.150000000000002,Predicted,0.0,1
5.1000000000000005,25.55,Predicted,0.0,1
5.2,25.950000000000003,Predicted,0.0,0
5.300000000000001,26.35,Predicted,0.0,1
5.4,26.75,Predicted,0.0,1
5.5,27.150000000000002,Predicted,0.0,1
5.6000000000000005,27.55,Predicted,0.0,1
5.7,27.950000000000003,Predicted,0.0,0
5.800000000000001,2.45,Predicted,1.0,1
5.800000000000001,2.6500000000000004,Predicted,1.0,1
5.800000000000001,28.35,Predicted,0.0,1
5.9,2.25,Predicted,0.0,1
5.9,2.8500000000000005,Predicted,1.0,1
5.9,28.75,Predicted,0.0,1
6.0,2.1500000000000004,Predicted,0.0,0
6.0,3.05,Predicted,1.0,0
6.0,29.05,Predicted,1.0,1
6.1000000000000005,2.1500000000000004,Predicted,0.0,0
6.1000000000000005,3.25,Predicted,1.0,0
6.1000000000000005,29.450000000000003,Predicted,0.0,0
6.2,2.05,Predicted,0.0,1
6.2,3.3500000000000005,Predicted,0.0,1
6.2,29.85,Predicted,1.0,1
6.300000000000001,1.9500000000000002,Predicted,0.0,0
6.300000000000001,3.55,Predicted,1.0,0
6.300000000000001,30.25,Predicted,1.0,1
6.4,1.9500000000000002,Predicted,0.0,0
6.4,3.6500000000000004,Predicted,0.0,1
6.4,30.650000000000002,Predicted,1.0,1
6.5,1.85,Predicted,0.0,1
6.5,3.8500000000000005,Predicted,1.0,1
6.5,31.05,Predicted,1.0,1
6.6000000000000005,1.85,Predicted,0.0,1
6.6000000000000005,3.95,Predicted,1.0,0
6.6000000000000005,31.450000000000003,Predicted,0.0,0
6.7,1.75,Predicted,0.0,1
6.7,4.050000000000001,Predicted,1.0,1
6.7,31.85,Predicted,1.0,1
6.800000000000001,1.75,Predicted,0.0,1
6.800000000000001,4.25,Predicted,1.0,0
6.800000000000001,32.25,Predicted,1.0,1
6.9,1.75,Predicted,0.0,1
6.9,4.35,Predicted,1.0,0
6.9,32.650000000000006,Predicted,0.0,0
7.0,1.75,Predicted,0.0,1
7.0,4.45,Predicted,0.0,0
7.0,33.05,Predicted,1.0,1
7.1000000000000005,1.6500000000000001,Predicted,0.0,1
7.1000000000000005,4.550000000000001,Predicted,0.0,1
7.1000000000000005,33.45,Predicted,1.0,0
7.2,1.6500000000000001,Predicted,0.0,1
7.2,4.75,Predicted,1.0,0
7.2,33.85,Predicted,1.0,1
7.300000000000001,1.6500000000000001,Predicted,0.0,1
7.300000000000001,4.8500000000000005,Predicted,1.0,0
7.300000000000001,34.25,Predicted,1.0,1
7.4,1.6500000000000001,Predicted,0.0,1
7.4,4.95,Predicted,1.0,0
7.4,34.650000000000006,Predicted,0.0,0
7.5,1.6500000000000001,Predicted,0.0,1
7.5,5.050000000000001,Predicted,1.0,1
7.5,35.05,Predicted,1.0,1
7.6000000000000005,1.6500000000000001,Predicted,0.0,1
7.6000000000000005,5.25,Predicted,1.0,0
7.6000000000000005,35.45,Predicted,1.0,0
7.7,1.6500000000000001,Predicted,0.0,1
7.7,5.3500000000000005,Predicted,1.0,0
7.7,35.85,Predicted,1.0,1
7.800000000000001,1.6500000000000001,Predicted,0.0,1
7.800000000000001,5.45,Predicted,1.0,0
7.800000000000001,36.25,Predicted,1.0,1
7.9,1.55,Predicted,0.0,1
7.9,5.550000000000001,Predicted,1.0,1
7.9,36.650000000000006,Predicted,0.0,0
8.0,1.55,Predicted,0.0,1
8.0,5.65,Predicted,1.0,0
8.0,37.05,Predicted,1.0,1
8.1,1.55,Predicted,0.0,1
8.1,5.75,Predicted,1.0,0
8.1,37.45,Predicted,1.0,0
8.200000000000001,1.55,Predicted,0.0,1
8.200000000000001,5.8500000000000005,Predicted,1.0,0
8.200000000000001,37.85,Predicted,1.0,1
8.3,1.55,Predicted,0.0,1
8.3,5.95,Predicted,1.0,0
8.3,38.25,Predicted,1.0,1
8.4,1.55,Predicted,0.0,1
8.4,6.050000000000001,Predicted,1.0,1
8.4,38.650000000000006,Predicted,0.0,0
8.5,1.55,Predicted,0.0,1
8.5,6.15,Predicted,0.0,0
8.5,39.05,Predicted,1.0,1
8.6,1.4500000000000002,Predicted,0.0,0
8.6,6.25,Predicted,0.0,0
8.6,39.45,Predicted,1.0,1
8.700000000000001,1.4500000000000002,Predicted,0.0,0
8.700000000000001,6.45,Predicted,1.0,0
8.700000000000001,39.85000000000001,Predicted,0.0,0
8.8,1.4500000000000002,Predicted,0.0,0
8.8,6.550000000000001,Predicted,1.0,1
8.8,40.25,Predicted,1.0,1
8.9,1.4500000000000002,Predicted,0.0,0
8.9,6.65,Predicted,1.0,0
8.9,40.650000000000006,Predicted,0.0,0
9.0,1.4500000000000002,Predicted,0.0,0
9.0,6.75,Predicted,1.0,0
9.0,41.05,Predicted,1.0,1
9.1,1.4500000000000002,Predicted,0.0,0
9.1,6.8500000000000005,Predicted,1.0,0
9.1,41.45,Predicted,1.0,1
9.200000000000001,1.4500000000000002,Predicted,0.0,0
9.200000000000001,6.95,Predicted,1.0,0
9.200000000000001,41.85000000000001,Predicted,0.0,0
9.3,1.4500000000000002,Predicted,0.0,0
9.3,7.050000000000001,Predicted,1.0,1
9.3,42.25,Predicted,1.0,1
9.4,1.4500000000000002,Predicted,0.0,0
9.4,7.15,Predicted,1.0,0
9.4,42.650000000000006,Predicted,0.0,0
9.5,1.4500000000000002,Predicted,0.0,0
9.5,7.25,Predicted,1.0,0
9.5,43.05,Predicted,1.0,1
9.600000000000001,1.4500000000000002,Predicted,0.0,0
9.600000000000001,7.3500000000000005,Predicted,1.0,0
9.600000000000001,43.45,Predicted,1.0,1
9.700000000000001,1.35,Predicted,1.0,1
9.700000000000001,7.45,Predicted,1.0,0
9.700000000000001,43.85000000000001,Predicted,0.0,0
9.8,1.35,Predicted,1.0,1
9.8,7.550000000000001,Predicted,1.0,1
9.8,44.25,Predicted,1.0,1
9.9,1.35,Predicted,1.0,1
9.9,7.65,Predicted,1.0,0
9.9,14.350000000000001,Predicted,1.0,0
9.9,14.850000000000001,Predicted,1.0,1
9.9,44.650000000000006,Predicted,0.0,0
10.0,1.35,Predicted,1.0,1
10.0,7.75,Predicted,1.0,0
10.0,13.850000000000001,Predicted,1.0,0
10.0,15.150000000000002,Predicted,1.0,1
10.0,45.05,Predicted,1.0,1
10.100000000000001,1.35,Predicted,0.0,1
10.100000000000001,7.8500000000000005,Predicted,0.0,0
10.100000000000001,13.850000000000001,Predicted,1.0,0
10.100000000000001,15.45,Predicted,1.0,0
10.100000000000001,45.45,Predicted,1.0,1
10.200000000000001,1.35,Predicted,0.0,1
10.200000000000001,7.95,Predicted,0.0,0
10.200000000000001,13.95,Predicted,1.0,1
10.200000000000001,15.75,Predicted,1.0,0
10.200000000000001,45.85000000000001,Predicted,0.0,0
10.3,1.35,Predicted,0.0,1
10.3,8.05,Predicted,0.0,1
10.3,13.95,Predicted,1.0,1
10.3,16.05,Predicted,1.0,0
10.3,46.25,Predicted,1.0,1
10.4,1.35,Predicted,0.0,1
10.4,8.15,Predicted,0.0,0
10.4,13.95,Predicted,1.0,1
10.4,16.35,Predicted,1.0,0
10.4,46.650000000000006,Predicted,0.0,0
10.5,1.35,Predicted,0.0,1
10.5,8.25,Predicted,0.0,0
10.5,14.05,Predicted,0.0,1
10.5,16.55,Predicted,1.0,0
10.5,47.05,Predicted,1.0,1
10.600000000000001,1.35,Predicted,0.0,1
10.600000000000001,8.350000000000001,Predicted,1.0,1
10.600000000000001,14.05,Predicted,0.0,1
10.600000000000001,16.85,Predicted,1.0,0
10.600000000000001,47.45,Predicted,1.0,1
10.700000000000001,1.35,Predicted,0.0,1
10.700000000000001,8.45,Predicted,0.0,0
10.700000000000001,14.150000000000002,Predicted,1.0,0
10.700000000000001,17.05,Predicted,1.0,0
10.700000000000001,47.85000000000001,Predicted,0.0,0
10.8,1.35,Predicted,0.0,1
10.8,8.55,Predicted,0.0,1
10.8,14.150000000000002,Predicted,1.0,0
10.8,17.35,Predicted,1.0,0
10.8,48.25,Predicted,1.0,1
10.9,1.35,Predicted,0.0,1
10.9,8.65,Predicted,0.0,0
10.9,14.25,Predicted,1.0,1
10.9,17.55,Predicted,1.0,0
10.9,48.650000000000006,Predicted,0.0,0
11.0,1.35,Predicted,0.0,1
11.0,8.75,Predicted,0.0,0
11.0,14.350000000000001,Predicted,0.0,0
11.0,17.75,Predicted,0.0,0
11.0,49.05,Predicted,1.0,1
11.100000000000001,1.35,Predicted,0.0,1
11.100000000000001,8.95,Predicted,1.0,0
11.100000000000001,14.350000000000001,Predicted,1.0,0
11.100000000000001,17.950000000000003,Predicted,1.0,1
11.100000000000001,49.45,Predicted,1.0,1
11.200000000000001,1.35,Predicted,0.0,1
11.200000000000001,9.05,Predicted,1.0,1
11.200000000000001,14.45,Predicted,1.0,1
11.200000000000001,18.25,Predicted,1.0,0
11.200000000000001,49.85000000000001,Predicted,0.0,0
11.3,1.35,Predicted,0.0,1
11.3,9.15,Predicted,1.0,0
11.3,14.45,Predicted,1.0,1
11.3,18.450000000000003,Predicted,1.0,1
11.3,50.25,Predicted,1.0,1
11.4,1.25,Predicted,1.0,1
11.4,9.25,Predicted,1.0,0
11.4,14.55,Predicted,0.0,1
11.4,18.65,Predicted,0.0,0
11.4,50.650000000000006,Predicted,0.0,0
11.5,1.25,Predicted,1.0,1
11.5,9.350000000000001,Predicted,1.0,1
11.5,14.55,Predicted,1.0,1
11.5,18.85,Predicted,1.0,0
11.5,51.05,Predicted,1.0,1
11.600000000000001,1.25,Predicted,1.0,1
11.600000000000001,9.45,Predicted,1.0,0
11.600000000000001,14.650000000000002,Predicted,1.0,0
11.600000000000001,19.150000000000002,Predicted,0.0,0
11.600000000000001,51.45,Predicted,1.0,1
11.700000000000001,1.25,Predicted,1.0,1
11.700000000000001,9.55,Predicted,1.0,0
11.700000000000001,14.75,Predicted,1.0,1
11.700000000000001,19.35,Predicted,1.0,0
11.700000000000001,51.85000000000001,Predicted,0.0,0
11.8,1.25,Predicted,1.0,1
11.8,9.650000000000002,Predicted,1.0,1
11.8,14.75,Predicted,1.0,1
11.8,19.55,Predicted,0.0,0
11.8,52.25,Predicted,1.0,1
11.9,1.25,Predicted,1.0,1
11.9,9.75,Predicted,1.0,0
11.9,14.850000000000001,Predicted,1.0,0
11.9,19.85,Predicted,1.0,0
11.9,52.650000000000006,Predicted,0.0,0
12.0,1.25,Predicted,1.0,1
12.0,9.850000000000001,Predicted,1.0,1
12.0,14.95,Predicted,1.0,1
12.0,20.05,Predicted,1.0,0
12.0,53.05,Predicted,1.0,1
12.100000000000001,1.25,Predicted,1.0,1
12.100000000000001,9.95,Predicted,1.0,0
12.100000000000001,15.05,Predicted,0.0,1
12.100000000000001,20.25,Predicted,0.0,0
12.100000000000001,53.45,Predicted,1.0,1
12.200000000000001,1.25,Predicted,1.0,1
12.200000000000001,10.05,Predicted,1.0,0
12.200000000000001,15.150000000000002,Predicted,1.0,0
12.200000000000001,20.450000000000003,Predicted,1.0,1
12.200000000000001,53.85000000000001,Predicted,0.0,0
12.3,1.25,Predicted,1.0,1
12.3,10.05,Predicted,1.0,0
12.3,15.25,Predicted,1.0,1
12.3,20.75,Predicted,1.0,0
12.3,54.25,Predicted,1.0,1
12.4,1.25,Predicted,1.0,1
12.4,10.150000000000002,Predicted,1.0,1
12.4,15.350000000000001,Predicted,1.0,0
12.4,20.950000000000003,Predicted,1.0,1
12.4,54.650000000000006,Predicted,0.0,0
12.5,1.25,Predicted,1.0,1
12.5,10.350000000000001,Predicted,1.0,1
12.5,15.350000000000001,Predicted,1.0,0
12.5,21.150000000000002,Predicted,1.0,0
12.5,55.05,Predicted,1.0,1
12.600000000000001,1.25,Predicted,1.0,1
12.600000000000001,10.45,Predicted,1.0,0
12.600000000000001,15.45,Predicted,1.0,1
12.600000000000001,21.35,Predicted,1.0,0
12.600000000000001,55.45,Predicted,1.0,1
12.700000000000001,1.25,Predicted,1.0,1
12.700000000000001,10.55,Predicted,1.0,0
12.700000000000001,15.55,Predicted,0.0,1
12.700000000000001,21.650000000000002,Predicted,1.0,0
12.700000000000001,55.85000000000001,Predicted,0.0,0
12.8,1.25,Predicted,1.0,1
12.8,10.650000000000002,Predicted,1.0,1
12.8,15.650000000000002,Predicted,1.0,0
12.8,21.85,Predicted,1.0,0
12.8,56.25,Predicted,1.0,1
12.9,1.25,Predicted,1.0,1
12.9,10.75,Predicted,1.0,0
12.9,15.75,Predicted,1.0,1
12.9,22.05,Predicted,1.0,0
12.9,56.650000000000006,Predicted,0.0,0
13.0,1.25,Predicted,1.0,1
13.0,10.850000000000001,Predicted,1.0,1
13.0,15.850000000000001,Predicted,1.0,0
13.0,22.25,Predicted,1.0,0
13.0,57.05,Predicted,1.0,1
13.100000000000001,1.25,Predicted,1.0,1
13.100000000000001,10.95,Predicted,1.0,0
13.100000000000001,15.95,Predicted,1.0,1
13.100000000000001,22.450000000000003,Predicted,1.0,1
13.100000000000001,57.45,Predicted,1.0,1
13.200000000000001,1.25,Predicted,1.0,1
13.200000000000001,11.05,Predicted,1.0,0
13.200000000000001,16.05,Predicted,1.0,1
13.200000000000001,22.650000000000002,Predicted,1.0,0
13.200000000000001,57.85000000000001,Predicted,0.0,0
13.3,1.25,Predicted,0.0,1
13.3,11.150000000000002,Predicted,1.0,1
13.3,16.15,Predicted,1.0,1
13.3,22.950000000000003,Predicted,1.0,1
13.3,58.25,Predicted,1.0,1
13.4,1.25,Predicted,0.0,1
13.4,11.25,Predicted,0.0,0
13.4,16.25,Predicted,0.0,1
13.4,23.150000000000002,Predicted,1.0,0
13.4,58.650000000000006,Predicted,0.0,0
13.5,1.25,Predicted,0.0,1
13.5,11.350000000000001,Predicted,0.0,1
13.5,16.25,Predicted,1.0,1
13.5,23.35,Predicted,1.0,0
13.5,59.05,Predicted,1.0,1
13.600000000000001,1.25,Predicted,0.0,1
13.600000000000001,11.45,Predicted,0.0,0
13.600000000000001,16.35,Predicted,1.0,1
13.600000000000001,23.55,Predicted,1.0,0
13.600000000000001,59.45,Predicted,1.0,1
13.700000000000001,1.25,Predicted,0.0,1
13.700000000000001,11.55,Predicted,1.0,0
13.700000000000001,16.450000000000003,Predicted,0.0,0
13.700000000000001,23.75,Predicted,1.0,0
13.700000000000001,59.85000000000001,Predicted,0.0,0
13.8,1.25,Predicted,0.0,1
13.8,11.650000000000002,Predicted,1.0,1
13.8,16.55,Predicted,1.0,1
13.8,23.950000000000003,Predicted,1.0,1
13.8,60.25,Predicted,1.0,1
13.9,1.25,Predicted,0.0,1
13.9,11.75,Predicted,0.0,0
13.9,16.65,Predicted,1.0,1
13.9,24.150000000000002,Predicted,1.0,0
13.9,33.85,Predicted,1.0,1
13.9,34.650000000000006,Predicted,1.0,1
13.9,60.650000000000006,Predicted,1.0,0
14.0,1.1500000000000001,Predicted,1.0,1
14.0,11.850000000000001,Predicted,0.0,1
14.0,16.75,Predicted,1.0,1
14.0,24.35,Predicted,1.0,0
14.0,33.85,Predicted,1.0,1
14.0,35.150000000000006,Predicted,1.0,1
14.0,61.05,Predicted,1.0,1
14.100000000000001,1.1500000000000001,Predicted,1.0,1
14.100000000000001,11.95,Predicted,0.0,0
14.100000000000001,16.85,Predicted,1.0,1
14.100000000000001,24.55,Predicted,1.0,0
14.100000000000001,33.85,Predicted,1.0,1
14.100000000000001,35.75,Predicted,1.0,0
14.100000000000001,61.45,Predicted,1.0,1
14.200000000000001,1.1500000000000001,Predicted,1.0,1
14.200000000000001,12.150000000000002,Predicted,1.0,1
14.200000000000001,16.950000000000003,Predicted,0.0,0
14.200000000000001,24.85,Predicted,1.0,0
14.200000000000001,33.85,Predicted,1.0,1
14.200000000000001,36.25,Predicted,1.0,0
14.200000000000001,61.85000000000001,Predicted,1.0,0
14.3,1.1500000000000001,Predicted,1.0,1
14.3,12.25,Predicted,1.0,0
14.3,17.05,Predicted,1.0,1
14.3,25.05,Predicted,1.0,0
14.3,33.95,Predicted,1.0,0
14.3,36.650000000000006,Predicted,1.0,1
14.3,62.25,Predicted,1.0,1
14.4,1.1500000000000001,Predicted,1.0,1
14.4,12.350000000000001,Predicted,1.0,1
14.4,17.15,Predicted,0.0,1
14.4,25.25,Predicted,1.0,0
14.4,34.05,Predicted,1.0,1
14.4,37.05,Predicted,1.0,0
14.4,62.55,Predicted,1.0,1
14.5,1.1500000000000001,Predicted,1.0,1
14.5,12.45,Predicted,1.0,0
14.5,17.15,Predicted,1.0,1
14.5,25.450000000000003,Predicted,1.0,1
14.5,34.25,Predicted,1.0,1
14.5,37.35,Predicted,1.0,0
14.5,62.95,Predicted,1.0,1
14.600000000000001,1.1500000000000001,Predicted,1.0,1
14.600000000000001,12.55,Predicted,1.0,0
14.600000000000001,17.25,Predicted,1.0,1
14.600000000000001,25.650000000000002,Predicted,1.0,0
14.600000000000001,34.35,Predicted,1.0,1
14.600000000000001,37.75,Predicted,1.0,0
14.600000000000001,63.35000000000001,Predicted,1.0,0
14.700000000000001,1.1500000000000001,Predicted,1.0,1
14.700000000000001,12.650000000000002,Predicted,1.0,1
14.700000000000001,17.35,Predicted,1.0,1
14.700000000000001,25.85,Predicted,1.0,0
14.700000000000001,34.45,Predicted,1.0,0
14.700000000000001,38.150000000000006,Predicted,1.0,1
14.700000000000001,63.75,Predicted,1.0,1
14.8,1.1500000000000001,Predicted,1.0,1
14.8,12.75,Predicted,1.0,0
14.8,17.450000000000003,Predicted,0.0,0
14.8,26.05,Predicted,1.0,0
14.8,34.55,Predicted,1.0,1
14.8,38.55,Predicted,1.0,0
14.8,64.15,Predicted,1.0,1
14.9,1.1500000000000001,Predicted,1.0,1
14.9,12.850000000000001,Predicted,1.0,1
14.9,17.55,Predicted,1.0,1
14.9,26.25,Predicted,1.0,0
14.9,34.75,Predicted,1.0,1
14.9,38.85000000000001,Predicted,1.0,1
14.9,64.55000000000001,Predicted,1.0,0
15.0,1.1500000000000001,Predicted,1.0,1
15.0,12.95,Predicted,1.0,0
15.0,17.65,Predicted,1.0,1
15.0,26.55,Predicted,1.0,0
15.0,34.85,Predicted,1.0,1
15.0,39.25,Predicted,1.0,0
15.0,64.95,Predicted,1.0,1
15.100000000000001,1.1500000000000001,Predicted,1.0,1
15.100000000000001,13.05,Predicted,1.0,0
15.100000000000001,17.75,Predicted,1.0,1
15.100000000000001,26.75,Predicted,1.0,0
15.100000000000001,34.95,Predicted,1.0,0
15.100000000000001,39.650000000000006,Predicted,1.0,1
15.100000000000001,65.25,Predicted,1.0,1
15.200000000000001,1.1500000000000001,Predicted,1.0,1
15.200000000000001,13.150000000000002,Predicted,1.0,1
15.200000000000001,17.85,Predicted,1.0,1
15.200000000000001,26.950000000000003,Predicted,1.0,1
15.200000000000001,35.150000000000006,Predicted,1.0,0
15.200000000000001,39.95,Predicted,1.0,0
15.200000000000001,65.65,Predicted,1.0,1
15.3,1.1500000000000001,Predicted,1.0,1
15.3,13.25,Predicted,1.0,0
15.3,17.950000000000003,Predicted,0.0,0
15.3,27.150000000000002,Predicted,1.0,0
15.3,35.25,Predicted,1.0,1
15.3,40.35000000000001,Predicted,1.0,1
15.3,66.05000000000001,Predicted,1.0,0
15.4,1.1500000000000001,Predicted,1.0,1
15.4,13.350000000000001,Predicted,1.0,1
15.4,18.05,Predicted,1.0,1
15.4,27.35,Predicted,1.0,0
15.4,35.45,Predicted,1.0,0
15.4,40.650000000000006,Predicted,1.0,1
15.4,66.45,Predicted,1.0,1
15.5,1.1500000000000001,Predicted,1.0,1
15.5,13.45,Predicted,1.0,0
15.5,18.15,Predicted,1.0,1
15.5,27.55,Predicted,1.0,0
15.5,35.55,Predicted,1.0,1
15.5,41.05,Predicted,1.0,0
15.5,66.75,Predicted,1.0,1
15.600000000000001,1.1500000000000001,Predicted,1.0,1
15.600000000000001,13.55,Predicted,1.0,0
15.600000000000001,18.15,Predicted,1.0,1
15.600000000000001,27.75,Predicted,1.0,0
15.600000000000001,35.75,Predicted,1.0,1
15.600000000000001,41.35000000000001,Predicted,1.0,1
15.600000000000001,67.15,Predicted,1.0,1
15.700000000000001,1.1500000000000001,Predicted,1.0,1
15.700000000000001,13.650000000000002,Predicted,1.0,1
15.700000000000001,18.25,Predicted,1.0,1
15.700000000000001,27.950000000000003,Predicted,1.0,1
15.700000000000001,35.95,Predicted,1.0,0
15.700000000000001,41.650000000000006,Predicted,1.0,1
15.700000000000001,67.55000000000001,Predicted,1.0,0
15.8,1.1500000000000001,Predicted,1.0,1
15.8,13.75,Predicted,1.0,0
15.8,18.35,Predicted,0.0,1
15.8,28.150000000000002,Predicted,1.0,0
15.8,36.150000000000006,Predicted,1.0,0
15.8,42.05,Predicted,1.0,0
15.8,67.95,Predicted,1.0,1
15.9,1.1500000000000001,Predicted,1.0,1
15.9,13.850000000000001,Predicted,1.0,1
15.9,18.450000000000003,Predicted,0.0,0
15.9,28.35,Predicted,1.0,0
15.9,36.25,Predicted,1.0,1
15.9,42.35000000000001,Predicted,1.0,1
15.9,68.25,Predicted,1.0,1
16.0,1.1500000000000001,Predicted,1.0,1
16.0,13.95,Predicted,1.0,0
16.0,18.55,Predicted,1.0,1
16.0,28.55,Predicted,1.0,0
16.0,36.45,Predicted,1.0,0
16.0,42.650000000000006,Predicted,1.0,1
16.0,68.65,Predicted,1.0,1
16.1,1.1500000000000001,Predicted,1.0,1
16.1,14.05,Predicted,1.0,0
16.1,18.65,Predicted,1.0,1
16.1,28.75,Predicted,1.0,0
16.1,36.650000000000006,Predicted,1.0,0
16.1,43.05,Predicted,1.0,0
16.1,69.05000000000001,Predicted,1.0,0
16.2,1.1500000000000001,Predicted,1.0,1
16.2,14.150000000000002,Predicted,1.0,1
16.2,18.75,Predicted,1.0,1
16.2,28.950000000000003,Predicted,1.0,1
16.2,36.85,Predicted,1.0,1
16.2,43.35000000000001,Predicted,1.0,1
16.2,69.45,Predicted,1.0,1
16.3,1.1500000000000001,Predicted,1.0,1
16.3,14.25,Predicted,1.0,0
16.3,18.85,Predicted,0.0,1
16.3,29.150000000000002,Predicted,1.0,0
16.3,37.05,Predicted,1.0,1
16.3,43.650000000000006,Predicted,1.0,1
16.3,69.75,Predicted,1.0,1
16.400000000000002,1.1500000000000001,Predicted,1.0,1
16.400000000000002,14.350000000000001,Predicted,1.0,1
16.400000000000002,18.950000000000003,Predicted,0.0,0
16.400000000000002,29.35,Predicted,1.0,0
16.400000000000002,37.150000000000006,Predicted,1.0,0
16.400000000000002,44.05,Predicted,1.0,0
16.5,1.1500000000000001,Predicted,1.0,1
16.5,14.45,Predicted,1.0,0
16.5,19.05,Predicted,1.0,1
16.5,29.55,Predicted,1.0,0
16.5,37.35,Predicted,1.0,1
16.5,44.35000000000001,Predicted,1.0,1
16.6,1.1500000000000001,Predicted,1.0,1
16.6,14.55,Predicted,1.0,0
16.6,19.150000000000002,Predicted,1.0,1
16.6,29.75,Predicted,1.0,0
16.6,37.55,Predicted,1.0,1
16.6,44.650000000000006,Predicted,1.0,1
16.7,1.1500000000000001,Predicted,1.0,1
16.7,14.650000000000002,Predicted,1.0,1
16.7,19.25,Predicted,1.0,1
16.7,29.950000000000003,Predicted,1.0,1
16.7,37.75,Predicted,1.0,1
16.7,44.95,Predicted,1.0,0
16.8,1.1500000000000001,Predicted,1.0,1
16.8,14.75,Predicted,1.0,0
16.8,19.35,Predicted,0.0,1
16.8,30.25,Predicted,1.0,0
16.8,37.95,Predicted,1.0,0
16.8,45.25,Predicted,1.0,0
16.900000000000002,1.1500000000000001,Predicted,1.0,1
16.900000000000002,14.850000000000001,Predicted,1.0,1
16.900000000000002,19.450000000000003,Predicted,0.0,0
16.900000000000002,30.450000000000003,Predicted,1.0,1
16.900000000000002,38.05,Predicted,1.0,1
16.900000000000002,45.650000000000006,Predicted,1.0,1
17.0,1.1500000000000001,Predicted,1.0,1
17.0,14.95,Predicted,1.0,0
17.0,19.55,Predicted,1.0,1
17.0,30.650000000000002,Predicted,1.0,0
17.0,38.25,Predicted,1.0,1
17.0,45.95,Predicted,1.0,0
17.1,1.1500000000000001,Predicted,1.0,1
17.1,15.05,Predicted,1.0,0
17.1,19.650000000000002,Predicted,1.0,1
17.1,30.85,Predicted,1.0,0
17.1,38.45,Predicted,1.0,1
17.1,46.25,Predicted,1.0,0
17.2,1.1500000000000001,Predicted,1.0,1
17.2,15.150000000000002,Predicted,1.0,1
17.2,19.650000000000002,Predicted,1.0,1
17.2,31.05,Predicted,1.0,0
17.2,38.650000000000006,Predicted,1.0,0
17.2,46.55,Predicted,1.0,0
17.3,1.1500000000000001,Predicted,1.0,1
17.3,15.25,Predicted,1.0,0
17.3,19.75,Predicted,1.0,1
17.3,31.25,Predicted,1.0,0
17.3,38.75,Predicted,1.0,1
17.3,46.85000000000001,Predicted,1.0,1
17.400000000000002,1.1500000000000001,Predicted,1.0,1
17.400000000000002,15.350000000000001,Predicted,1.0,1
17.400000000000002,19.85,Predicted,1.0,1
17.400000000000002,31.450000000000003,Predicted,1.0,1
17.400000000000002,38.95,Predicted,1.0,1
17.400000000000002,47.150000000000006,Predicted,1.0,1
17.5,1.1500000000000001,Predicted,1.0,1
17.5,15.45,Predicted,1.0,0
17.5,19.950000000000003,Predicted,1.0,0
17.5,31.650000000000002,Predicted,1.0,0
17.5,39.150000000000006,Predicted,1.0,0
17.5,47.55,Predicted,1.0,0
17.6,1.1500000000000001,Predicted,1.0,1
17.6,15.55,Predicted,1.0,0
17.6,20.05,Predicted,1.0,1
17.6,31.85,Predicted,1.0,0
17.6,39.35000000000001,Predicted,1.0,0
17.6,47.85000000000001,Predicted,1.0,1
17.7,1.1500000000000001,Predicted,1.0,1
17.7,15.650000000000002,Predicted,1.0,1
17.7,20.150000000000002,Predicted,1.0,1
17.7,32.05,Predicted,1.0,0
17.7,39.55,Predicted,1.0,1
17.7,48.150000000000006,Predicted,1.0,1
17.8,1.1500000000000001,Predicted,1.0,1
17.8,15.75,Predicted,1.0,0
17.8,20.25,Predicted,1.0,1
17.8,32.25,Predicted,1.0,0
17.8,39.650000000000006,Predicted,1.0,0
17.8,48.45,Predicted,1.0,0
17.900000000000002,1.1500000000000001,Predicted,1.0,1
17.900000000000002,15.850000000000001,Predicted,1.0,1
17.900000000000002,20.35,Predicted,0.0,1
17.900000000000002,32.45,Predicted,1.0,1
17.900000000000002,39.85000000000001,Predicted,1.0,0
17.900000000000002,48.75,Predicted,1.0,0
18.0,1.1500000000000001,Predicted,1.0,1
18.0,15.95,Predicted,1.0,0
18.0,20.450000000000003,Predicted,0.0,0
18.0,32.650000000000006,Predicted,1.0,1
18.0,40.05,Predicted,1.0,1
18.0,49.05,Predicted,1.0,0
18.1,1.1500000000000001,Predicted,1.0,1
18.1,16.05,Predicted,1.0,0
18.1,20.55,Predicted,1.0,1
18.1,32.85,Predicted,1.0,0
18.1,40.25,Predicted,1.0,1
18.1,49.45,Predicted,1.0,0
18.2,1.1500000000000001,Predicted,1.0,1
18.2,16.15,Predicted,1.0,0
18.2,20.650000000000002,Predicted,1.0,1
18.2,33.05,Predicted,1.0,0
18.2,40.45,Predicted,1.0,1
18.2,49.75,Predicted,1.0,0
18.3,1.1500000000000001,Predicted,1.0,1
18.3,16.25,Predicted,1.0,0
18.3,20.75,Predicted,1.0,1
18.3,33.25,Predicted,1.0,0
18.3,40.650000000000006,Predicted,1.0,0
18.3,50.05,Predicted,1.0,0
18.400000000000002,1.1500000000000001,Predicted,1.0,1
18.400000000000002,16.35,Predicted,1.0,0
18.400000000000002,20.85,Predicted,0.0,1
18.400000000000002,33.45,Predicted,1.0,1
18.400000000000002,40.85000000000001,Predicted,1.0,0
18.400000000000002,50.35000000000001,Predicted,1.0,1
18.5,1.1500000000000001,Predicted,1.0,1
18.5,16.450000000000003,Predicted,1.0,1
18.5,20.950000000000003,Predicted,0.0,0
18.5,33.650000000000006,Predicted,1.0,1
18.5,40.95,Predicted,1.0,1
18.5,50.650000000000006,Predicted,1.0,1
18.6,1.1500000000000001,Predicted,1.0,1
18.6,16.55,Predicted,1.0,0
18.6,21.05,Predicted,1.0,1
18.6,33.85,Predicted,1.0,0
18.6,41.150000000000006,Predicted,1.0,0
18.6,50.95,Predicted,1.0,0
18.7,1.1500000000000001,Predicted,1.0,1
18.7,16.65,Predicted,1.0,0
18.7,21.150000000000002,Predicted,1.0,1
18.7,34.150000000000006,Predicted,1.0,1
18.7,41.35000000000001,Predicted,1.0,0
18.7,51.25,Predicted,1.0,0
18.8,1.1500000000000001,Predicted,1.0,1
18.8,16.75,Predicted,1.0,0
18.8,21.25,Predicted,1.0,1
18.8,34.35,Predicted,1.0,0
18.8,41.55,Predicted,1.0,1
18.8,51.650000000000006,Predicted,1.0,1
18.900000000000002,1.1500000000000001,Predicted,1.0,1
18.900000000000002,16.85,Predicted,1.0,0
18.900000000000002,21.35,Predicted,0.0,1
18.900000000000002,34.55,Predicted,1.0,0
18.900000000000002,41.75,Predicted,1.0,1
18.900000000000002,51.95,Predicted,1.0,0
19.0,1.1500000000000001,Predicted,1.0,1
19.0,16.950000000000003,Predicted,1.0,1
19.0,21.35,Predicted,1.0,1
19.0,34.75,Predicted,1.0,0
19.0,41.95,Predicted,1.0,1
19.0,52.25,Predicted,1.0,0
19.1,1.1500000000000001,Predicted,1.0,1
19.1,17.05,Predicted,1.0,0
19.1,21.450000000000003,Predicted,1.0,0
19.1,34.95,Predicted,1.0,1
19.1,42.150000000000006,Predicted,1.0,0
19.1,52.55,Predicted,1.0,0
19.200000000000003,1.1500000000000001,Predicted,1.0,1
19.200000000000003,17.15,Predicted,1.0,0
19.200000000000003,21.55,Predicted,1.0,1
19.200000000000003,35.150000000000006,Predicted,1.0,1
19.200000000000003,42.35000000000001,Predicted,1.0,0
19.200000000000003,52.85000000000001,Predicted,1.0,1
19.3,1.1500000000000001,Predicted,1.0,1
19.3,17.25,Predicted,1.0,0
19.3,21.650000000000002,Predicted,1.0,1
19.3,35.35,Predicted,1.0,0
19.3,42.55,Predicted,1.0,1
19.3,53.150000000000006,Predicted,1.0,1
19.400000000000002,1.1500000000000001,Predicted,1.0,1
19.400000000000002,17.35,Predicted,1.0,0
19.400000000000002,21.75,Predicted,1.0,1
19.400000000000002,35.55,Predicted,1.0,0
19.400000000000002,42.650000000000006,Predicted,1.0,0
19.400000000000002,53.45,Predicted,1.0,0
19.5,1.1500000000000001,Predicted,1.0,1
19.5,17.450000000000003,Predicted,1.0,1
19.5,21.85,Predicted,1.0,1
19.5,35.75,Predicted,1.0,0
19.5,42.85000000000001,Predicted,1.0,0
19.5,53.75,Predicted,1.0,0
19.6,1.1500000000000001,Predicted,1.0,1
19.6,17.55,Predicted,1.0,0
19.6,21.950000000000003,Predicted,1.0,0
19.6,35.95,Predicted,1.0,1
19.6,43.05,Predicted,1.0,1
19.6,54.150000000000006,Predicted,1.0,1
19.700000000000003,1.05,Predicted,1.0,1
19.700000000000003,17.65,Predicted,1.0,0
19.700000000000003,22.05,Predicted,1.0,1
19.700000000000003,36.150000000000006,Predicted,1.0,1
19.700000000000003,43.25,Predicted,1.0,1
19.700000000000003,54.45,Predicted,1.0,0
19.8,1.05,Predicted,1.0,1
19.8,17.75,Predicted,1.0,0
19.8,22.150000000000002,Predicted,1.0,1
19.8,36.35,Predicted,1.0,0
19.8,43.45,Predicted,1.0,1
19.8,54.75,Predicted,1.0,0
19.900000000000002,1.05,Predicted,1.0,1
19.900000000000002,17.85,Predicted,1.0,0
19.900000000000002,22.25,Predicted,1.0,1
19.900000000000002,36.55,Predicted,1.0,0
19.900000000000002,43.650000000000006,Predicted,1.0,0
19.900000000000002,55.05,Predicted,1.0,0
20.0,1.05,Predicted,1.0,1
20.0,17.950000000000003,Predicted,1.0,1
20.0,22.35,Predicted,1.0,1
20.0,36.75,Predicted,1.0,0
20.0,43.85000000000001,Predicted,1.0,0
20.0,55.35000000000001,Predicted,1.0,1
20.1,1.05,Predicted,1.0,1
20.1,18.05,Predicted,1.0,0
20.1,22.450000000000003,Predicted,1.0,0
20.1,36.95,Predicted,1.0,1
20.1,44.05,Predicted,1.0,1
20.1,55.650000000000006,Predicted,1.0,1
20.200000000000003,1.05,Predicted,1.0,1
20.200000000000003,18.15,Predicted,1.0,0
20.200000000000003,22.55,Predicted,1.0,1
20.200000000000003,37.150000000000006,Predicted,1.0,1
20.200000000000003,44.25,Predicted,1.0,1
20.200000000000003,55.95,Predicted,1.0,0
20.3,1.05,Predicted,1.0,1
20.3,18.25,Predicted,1.0,0
20.3,22.650000000000002,Predicted,1.0,1
20.3,37.35,Predicted,1.0,0
20.3,44.35000000000001,Predicted,1.0,0
20.3,56.25,Predicted,1.0,0
20.400000000000002,1.05,Predicted,1.0,1
20.400000000000002,18.35,Predicted,1.0,0
20.400000000000002,22.75,Predicted,1.0,1
20.400000000000002,37.55,Predicted,1.0,0
20.400000000000002,44.55,Predicted,1.0,1
20.400000000000002,56.650000000000006,Predicted,1.0,1
20.5,1.05,Predicted,1.0,1
20.5,18.450000000000003,Predicted,1.0,1
20.5,22.85,Predicted,1.0,1
20.5,37.75,Predicted,1.0,0
20.5,44.75,Predicted,1.0,1
20.5,56.95,Predicted,1.0,0
20.6,1.05,Predicted,1.0,1
20.6,18.55,Predicted,1.0,0
20.6,22.950000000000003,Predicted,0.0,0
20.6,37.95,Predicted,1.0,1
20.6,44.95,Predicted,1.0,1
20.6,57.25,Predicted,1.0,0
20.700000000000003,1.05,Predicted,1.0,1
20.700000000000003,18.65,Predicted,1.0,0
20.700000000000003,23.05,Predicted,1.0,1
20.700000000000003,38.150000000000006,Predicted,1.0,1
20.700000000000003,45.150000000000006,Predicted,1.0,0
20.700000000000003,57.55,Predicted,1.0,0
20.8,1.05,Predicted,1.0,1
20.8,18.75,Predicted,1.0,0
20.8,23.150000000000002,Predicted,1.0,1
20.8,38.35000000000001,Predicted,1.0,1
20.8,45.35000000000001,Predicted,1.0,0
20.8,57.85000000000001,Predicted,1.0,1
20.900000000000002,1.05,Predicted,1.0,1
20.900000000000002,18.85,Predicted,1.0,0
20.900000000000002,23.150000000000002,Predicted,1.0,1
20.900000000000002,38.55,Predicted,1.0,0
20.900000000000002,45.55,Predicted,1.0,1
20.900000000000002,58.150000000000006,Predicted,1.0,1
21.0,1.05,Predicted,1.0,1
21.0,18.950000000000003,Predicted,1.0,1
21.0,23.25,Predicted,1.0,1
21.0,38.75,Predicted,1.0,0
21.0,45.75,Predicted,1.0,1
21.0,58.45,Predicted,1.0,0
21.1,1.05,Predicted,1.0,1
21.1,19.05,Predicted,1.0,0
21.1,23.35,Predicted,1.0,1
21.1,39.05,Predicted,1.0,0
21.1,45.95,Predicted,1.0,1
21.1,58.75,Predicted,1.0,0
21.200000000000003,1.05,Predicted,1.0,1
21.200000000000003,19.150000000000002,Predicted,1.0,0
21.200000000000003,23.450000000000003,Predicted,1.0,0
21.200000000000003,39.25,Predicted,1.0,0
21.200000000000003,46.150000000000006,Predicted,1.0,0
21.200000000000003,59.05,Predicted,1.0,0
21.3,1.05,Predicted,1.0,1
21.3,19.25,Predicted,1.0,0
21.3,23.55,Predicted,1.0,1
21.3,39.45,Predicted,1.0,0
21.3,46.25,Predicted,1.0,1
21.3,59.45,Predicted,1.0,0
21.400000000000002,1.05,Predicted,1.0,1
21.400000000000002,19.35,Predicted,1.0,0
21.400000000000002,23.650000000000002,Predicted,1.0,1
21.400000000000002,39.650000000000006,Predicted,1.0,1
21.400000000000002,46.45,Predicted,1.0,1
21.400000000000002,59.75,Predicted,1.0,0
21.5,1.05,Predicted,1.0,1
21.5,19.450000000000003,Predicted,1.0,1
21.5,23.75,Predicted,1.0,1
21.5,39.85000000000001,Predicted,1.0,1
21.5,46.650000000000006,Predicted,1.0,0
21.5,60.05,Predicted,1.0,0
21.6,1.05,Predicted,1.0,1
21.6,19.55,Predicted,1.0,0
21.6,23.85,Predicted,1.0,1
21.6,40.05,Predicted,1.0,0
21.6,46.85000000000001,Predicted,1.0,0
21.6,60.35000000000001,Predicted,1.0,1
21.700000000000003,1.05,Predicted,1.0,1
21.700000000000003,19.650000000000002,Predicted,1.0,0
21.700000000000003,23.950000000000003,Predicted,1.0,0
21.700000000000003,40.25,Predicted,1.0,0
21.700000000000003,47.05,Predicted,1.0,1
21.700000000000003,60.650000000000006,Predicted,0.0,1
21.8,1.05,Predicted,1.0,1
21.8,19.75,Predicted,1.0,0
21.8,24.05,Predicted,1.0,1
21.8,40.45,Predicted,1.0,0
21.8,47.25,Predicted,1.0,1
21.8,60.95,Predicted,0.0,0
21.900000000000002,1.05,Predicted,1.0,1
21.900000000000002,19.950000000000003,Predicted,1.0,1
21.900000000000002,24.150000000000002,Predicted,1.0,1
21.900000000000002,40.650000000000006,Predicted,1.0,1
21.900000000000002,47.45,Predicted,1.0,1
21.900000000000002,61.25,Predicted,0.0,0
22.0,1.05,Predicted,1.0,1
22.0,20.05,Predicted,1.0,0
22.0,24.25,Predicted,1.0,1
22.0,40.85000000000001,Predicted,1.0,1
22.0,47.650000000000006,Predicted,1.0,0
22.0,61.55,Predicted,0.0,0
22.1,1.05,Predicted,1.0,1
22.1,20.150000000000002,Predicted,1.0,0
22.1,24.35,Predicted,1.0,1
22.1,41.05,Predicted,1.0,0
22.1,47.85000000000001,Predicted,1.0,0
22.1,61.85000000000001,Predicted,0.0,1
22.200000000000003,1.05,Predicted,1.0,1
22.200000000000003,20.25,Predicted,1.0,0
22.200000000000003,24.450000000000003,Predicted,1.0,0
22.200000000000003,41.25,Predicted,1.0,0
22.200000000000003,48.05,Predicted,1.0,1
22.200000000000003,62.150000000000006,Predicted,0.0,1
22.3,1.05,Predicted,1.0,1
22.3,20.35,Predicted,1.0,0
22.3,24.55,Predicted,1.0,1
22.3,41.45,Predicted,1.0,0
22.3,48.150000000000006,Predicted,1.0,0
22.3,62.45,Predicted,0.0,0
22.400000000000002,1.05,Predicted,1.0,1
22.400000000000002,20.450000000000003,Predicted,1.0,1
22.400000000000002,24.650000000000002,Predicted,1.0,1
22.400000000000002,41.650000000000006,Predicted,1.0,1
22.400000000000002,48.35000000000001,Predicted,1.0,0
22.400000000000002,62.75,Predicted,0.0,0
22.5,1.05,Predicted,1.0,1
22.5,20.55,Predicted,1.0,0
22.5,24.75,Predicted,1.0,1
22.5,41.85000000000001,Predicted,1.0,1
22.5,48.55,Predicted,1.0,1
22.5,63.05,Predicted,0.0,0
22.6,1.05,Predicted,1.0,1
22.6,20.650000000000002,Predicted,1.0,0
22.6,24.85,Predicted,1.0,1
22.6,42.05,Predicted,1.0,0
22.6,48.75,Predicted,1.0,1
22.6,63.35000000000001,Predicted,0.0,1
22.700000000000003,1.05,Predicted,1.0,1
22.700000000000003,20.75,Predicted,1.0,0
22.700000000000003,24.950000000000003,Predicted,1.0,0
22.700000000000003,42.25,Predicted,1.0,0
22.700000000000003,48.95,Predicted,1.0,1
22.700000000000003,63.650000000000006,Predicted,0.0,1
22.8,1.05,Predicted,1.0,1
22.8,20.85,Predicted,1.0,0
22.8,24.950000000000003,Predicted,1.0,0
22.8,42.45,Predicted,1.0,0
22.8,49.150000000000006,Predicted,1.0,0
22.8,63.95,Predicted,0.0,0
22.900000000000002,1.05,Predicted,1.0,1
22.900000000000002,20.950000000000003,Predicted,1.0,1
22.900000000000002,25.05,Predicted,1.0,1
22.900000000000002,42.650000000000006,Predicted,1.0,1
22.900000000000002,49.35000000000001,Predicted,1.0,0
22.900000000000002,64.25,Predicted,0.0,0
23.0,1.05,Predicted,1.0,1
23.0,21.05,Predicted,1.0,0
23.0,25.150000000000002,Predicted,1.0,1
23.0,42.85000000000001,Predicted,1.0,1
23.0,49.55,Predicted,1.0,1
23.0,64.55000000000001,Predicted,0.0,1
23.1,1.05,Predicted,1.0,1
23.1,21.150000000000002,Predicted,1.0,0
23.1,25.25,Predicted,1.0,1
23.1,43.05,Predicted,1.0,0
23.1,49.75,Predicted,1.0,1
23.1,64.85,Predicted,0.0,0
23.200000000000003,1.05,Predicted,1.0,1
23.200000000000003,21.25,Predicted,1.0,0
23.200000000000003,25.35,Predicted,1.0,1
23.200000000000003,43.25,Predicted,1.0,0
23.200000000000003,49.95,Predicted,1.0,1
23.200000000000003,65.15,Predicted,0.0,0
23.3,1.05,Predicted,1.0,1
23.3,21.35,Predicted,1.0,0
23.3,25.450000000000003,Predicted,1.0,0
23.3,43.45,Predicted,1.0,0
23.3,50.150000000000006,Predicted,1.0,0
23.3,65.45,Predicted,0.0,0
23.400000000000002,1.05,Predicted,1.0,1
23.400000000000002,21.450000000000003,Predicted,1.0,1
23.400000000000002,25.55,Predicted,1.0,1
23.400000000000002,43.650000000000006,Predicted,1.0,1
23.400000000000002,50.35000000000001,Predicted,1.0,0
23.400000000000002,65.75,Predicted,0.0,0
23.5,0.95,Predicted,1.0,1
23.5,21.55,Predicted,1.0,0
23.5,25.650000000000002,Predicted,1.0,1
23.5,43.85000000000001,Predicted,1.0,1
23.5,50.55,Predicted,1.0,1
23.5,66.05000000000001,Predicted,0.0,1
23.6,0.95,Predicted,1.0,1
23.6,21.650000000000002,Predicted,1.0,0
23.6,25.75,Predicted,1.0,1
23.6,44.05,Predicted,1.0,0
23.6,50.650000000000006,Predicted,1.0,0
23.6,66.35,Predicted,0.0,0
23.700000000000003,0.95,Predicted,1.0,1
23.700000000000003,21.75,Predicted,1.0,0
23.700000000000003,25.85,Predicted,1.0,1
23.700000000000003,44.35000000000001,Predicted,1.0,1
23.700000000000003,50.85000000000001,Predicted,1.0,0
23.700000000000003,66.65,Predicted,0.0,0
23.8,0.95,Predicted,1.0,1
23.8,21.85,Predicted,1.0,0
23.8,25.950000000000003,Predicted,1.0,0
23.8,44.55,Predicted,1.0,0
23.8,51.05,Predicted,1.0,1
23.8,66.95,Predicted,0.0,0
23.900000000000002,0.95,Predicted,1.0,1
23.900000000000002,21.950000000000003,Predicted,1.0,1
23.900000000000002,26.05,Predicted,1.0,1
23.900000000000002,44.75,Predicted,1.0,0
23.900000000000002,51.25,Predicted,1.0,1
23.900000000000002,67.25,Predicted,0.0,0
24.0,0.95,Predicted,1.0,1
24.0,22.05,Predicted,1.0,0
24.0,26.150000000000002,Predicted,1.0,1
24.0,44.95,Predicted,1.0,0
24.0,51.45,Predicted,1.0,1
24.0,67.55000000000001,Predicted,0.0,1
24.1,0.95,Predicted,1.0,1
24.1,22.150000000000002,Predicted,1.0,0
24.1,26.25,Predicted,1.0,1
24.1,45.150000000000006,Predicted,1.0,1
24.1,51.650000000000006,Predicted,1.0,0
24.1,67.85,Predicted,0.0,0
24.200000000000003,0.95,Predicted,1.0,1
24.200000000000003,22.25,Predicted,1.0,0
24.200000000000003,26.35,Predicted,1.0,1
24.200000000000003,45.35000000000001,Predicted,1.0,1
24.200000000000003,51.85000000000001,Predicted,1.0,0
24.200000000000003,68.15,Predicted,0.0,0
24.3,0.95,Predicted,1.0,1
24.3,22.35,Predicted,1.0,0
24.3,26.450000000000003,Predicted,1.0,0
24.3,45.55,Predicted,1.0,0
24.3,52.05,Predicted,1.0,1
24.3,68.45,Predicted,0.0,0
24.400000000000002,0.95,Predicted,1.0,1
24.400000000000002,22.450000000000003,Predicted,1.0,1
24.400000000000002,26.55,Predicted,1.0,1
24.400000000000002,45.75,Predicted,1.0,0
24.400000000000002,52.25,Predicted,1.0,1
24.400000000000002,68.75,Predicted,0.0,0
24.5,0.95,Predicted,1.0,1
24.5,22.55,Predicted,1.0,0
24.5,26.650000000000002,Predicted,1.0,1
24.5,45.95,Predicted,1.0,0
24.5,52.45,Predicted,1.0,1
24.5,69.05000000000001,Predicted,0.0,1
24.6,0.95,Predicted,1.0,1
24.6,22.650000000000002,Predicted,1.0,0
24.6,26.75,Predicted,1.0,1
24.6,46.150000000000006,Predicted,1.0,1
24.6,52.650000000000006,Predicted,1.0,0
24.6,69.35,Predicted,0.0,0
24.700000000000003,0.95,Predicted,1.0,1
24.700000000000003,22.75,Predicted,1.0,0
24.700000000000003,26.85,Predicted,1.0,1
24.700000000000003,46.35000000000001,Predicted,1.0,1
24.700000000000003,52.85000000000001,Predicted,1.0,0
24.700000000000003,69.65,Predicted,0.0,0
24.8,0.95,Predicted,1.0,1
24.8,22.85,Predicted,1.0,0
24.8,26.950000000000003,Predicted,1.0,0
24.8,46.55,Predicted,1.0,0
24.8,53.05,Predicted,1.0,1
24.8,69.95,Predicted,0.0,0
24.900000000000002,0.95,Predicted,1.0,1
24.900000000000002,22.950000000000003,Predicted,1.0,1
24.900000000000002,27.05,Predicted,1.0,1
24.900000000000002,46.75,Predicted,1.0,0
24.900000000000002,53.150000000000006,Predicted,1.0,0
25.0,0.95,Predicted,1.0,1
25.0,23.05,Predicted,1.0,0
25.0,27.150000000000002,Predicted,1.0,1
25.0,46.95,Predicted,1.0,0
25.0,53.35000000000001,Predicted,1.0,0
25.1,0.95,Predicted,1.0,1
25.1,23.05,Predicted,1.0,0
25.1,27.25,Predicted,1.0,1
25.1,47.150000000000006,Predicted,1.0,1
25.1,53.55,Predicted,1.0,1
25.200000000000003,0.8500000000000001,Predicted,1.0,0
25.200000000000003,23.150000000000002,Predicted,1.0,0
25.200000000000003,27.35,Predicted,1.0,1
25.200000000000003,47.35000000000001,Predicted,1.0,1
25.200000000000003,53.75,Predicted,0.0,1
25.3,0.8500000000000001,Predicted,1.0,0
25.3,23.25,Predicted,1.0,0
25.3,27.450000000000003,Predicted,0.0,0
25.3,47.55,Predicted,1.0,0
25.3,53.95,Predicted,0.0,1
25.400000000000002,0.8500000000000001,Predicted,1.0,0
25.400000000000002,23.35,Predicted,1.0,0
25.400000000000002,27.55,Predicted,0.0,1
25.400000000000002,47.75,Predicted,1.0,0
25.400000000000002,54.150000000000006,Predicted,0.0,0
25.5,0.8500000000000001,Predicted,1.0,0
25.5,23.450000000000003,Predicted,1.0,1
25.5,27.55,Predicted,0.0,1
25.5,47.95,Predicted,1.0,0
25.5,54.35000000000001,Predicted,0.0,0
25.6,0.8500000000000001,Predicted,1.0,0
25.6,23.55,Predicted,1.0,0
25.6,27.650000000000002,Predicted,0.0,1
25.6,48.150000000000006,Predicted,1.0,1
25.6,54.55,Predicted,0.0,1
25.700000000000003,0.8500000000000001,Predicted,1.0,0
25.700000000000003,23.650000000000002,Predicted,1.0,0
25.700000000000003,27.75,Predicted,0.0,1
25.700000000000003,48.35000000000001,Predicted,1.0,1
25.700000000000003,54.75,Predicted,0.0,1
25.8,0.8500000000000001,Predicted,1.0,0
25.8,23.75,Predicted,1.0,0
25.8,27.85,Predicted,0.0,1
25.8,48.55,Predicted,1.0,0
25.8,54.95,Predicted,0.0,1
25.900000000000002,0.8500000000000001,Predicted,1.0,0
25.900000000000002,23.85,Predicted,1.0,0
25.900000000000002,27.950000000000003,Predicted,0.0,0
25.900000000000002,48.75,Predicted,1.0,0
25.900000000000002,55.150000000000006,Predicted,0.0,0
26.0,0.8500000000000001,Predicted,1.0,0
26.0,23.950000000000003,Predicted,1.0,1
26.0,28.05,Predicted,0.0,1
26.0,48.95,Predicted,1.0,0
26.0,55.35000000000001,Predicted,0.0,0
26.1,0.8500000000000001,Predicted,1.0,0
26.1,24.05,Predicted,1.0,0
26.1,28.150000000000002,Predicted,0.0,1
26.1,49.150000000000006,Predicted,1.0,1
26.1,55.55,Predicted,0.0,1
26.200000000000003,0.8500000000000001,Predicted,1.0,0
26.200000000000003,24.150000000000002,Predicted,1.0,0
26.200000000000003,28.25,Predicted,0.0,1
26.200000000000003,49.35000000000001,Predicted,1.0,1
26.200000000000003,55.75,Predicted,0.0,1
26.3,0.8500000000000001,Predicted,1.0,0
26.3,24.25,Predicted,1.0,0
26.3,28.35,Predicted,0.0,1
26.3,49.55,Predicted,1.0,0
26.3,55.95,Predicted,0.0,1
26.400000000000002,0.8500000000000001,Predicted,1.0,0
26.400000000000002,24.35,Predicted,1.0,0
26.400000000000002,28.450000000000003,Predicted,0.0,0
26.400000000000002,49.75,Predicted,1.0,0
26.400000000000002,56.150000000000006,Predicted,0.0,0
26.5,0.8500000000000001,Predicted,1.0,0
26.5,24.450000000000003,Predicted,1.0,1
26.5,28.55,Predicted,0.0,1
26.5,49.95,Predicted,1.0,0
26.5,56.35000000000001,Predicted,0.0,0
26.6,0.8500000000000001,Predicted,1.0,0
26.6,24.55,Predicted,1.0,0
26.6,28.650000000000002,Predicted,0.0,1
26.6,50.150000000000006,Predicted,1.0,1
26.6,56.55,Predicted,0.0,1
26.700000000000003,0.8500000000000001,Predicted,1.0,0
26.700000000000003,24.650000000000002,Predicted,1.0,0
26.700000000000003,28.75,Predicted,0.0,1
26.700000000000003,50.35000000000001,Predicted,1.0,1
26.700000000000003,56.75,Predicted,0.0,1
26.8,0.8500000000000001,Predicted,1.0,0
26.8,24.75,Predicted,1.0,0
26.8,28.85,Predicted,0.0,1
26.8,50.55,Predicted,1.0,0
26.8,56.95,Predicted,0.0,1
26.900000000000002,0.8500000000000001,Predicted,1.0,0
26.900000000000002,24.85,Predicted,1.0,0
26.900000000000002,28.950000000000003,Predicted,0.0,0
26.900000000000002,50.75,Predicted,1.0,0
26.900000000000002,57.150000000000006,Predicted,0.0,0
27.0,0.75,Predicted,1.0,1
27.0,24.950000000000003,Predicted,1.0,1
27.0,29.05,Predicted,0.0,1
27.0,51.05,Predicted,1.0,0
27.0,57.35000000000001,Predicted,0.0,0
27.1,0.75,Predicted,1.0,1
27.1,25.05,Predicted,1.0,0
27.1,29.150000000000002,Predicted,0.0,1
27.1,51.25,Predicted,1.0,0
27.1,57.55,Predicted,0.0,1
27.200000000000003,0.75,Predicted,1.0,1
27.200000000000003,25.150000000000002,Predicted,1.0,0
27.200000000000003,29.25,Predicted,0.0,1
27.200000000000003,51.45,Predicted,1.0,0
27.200000000000003,57.75,Predicted,0.0,1
27.3,0.75,Predicted,1.0,1
27.3,25.25,Predicted,1.0,0
27.3,29.35,Predicted,0.0,1
27.3,51.650000000000006,Predicted,1.0,1
27.3,57.95,Predicted,0.0,1
27.400000000000002,0.75,Predicted,1.0,1
27.400000000000002,25.35,Predicted,1.0,0
27.400000000000002,29.450000000000003,Predicted,0.0,0
27.400000000000002,51.85000000000001,Predicted,1.0,1
27.400000000000002,58.150000000000006,Predicted,0.0,0
27.5,0.75,Predicted,1.0,1
27.5,25.450000000000003,Predicted,1.0,1
27.5,29.55,Predicted,0.0,1
27.5,52.05,Predicted,1.0,0
27.5,58.35000000000001,Predicted,0.0,0
27.6,0.75,Predicted,1.0,1
27.6,25.55,Predicted,1.0,0
27.6,29.650000000000002,Predicted,0.0,1
27.6,52.25,Predicted,1.0,0
27.6,58.55,Predicted,0.0,1
27.700000000000003,0.75,Predicted,1.0,1
27.700000000000003,25.650000000000002,Predicted,1.0,0
27.700000000000003,29.75,Predicted,0.0,1
27.700000000000003,52.45,Predicted,1.0,0
27.700000000000003,58.75,Predicted,0.0,1
27.8,0.75,Predicted,1.0,1
27.8,25.75,Predicted,1.0,0
27.8,29.85,Predicted,0.0,1
27.8,52.650000000000006,Predicted,1.0,1
27.8,58.95,Predicted,0.0,1
27.900000000000002,0.75,Predicted,1.0,1
27.900000000000002,25.85,Predicted,1.0,0
27.900000000000002,29.950000000000003,Predicted,0.0,0
27.900000000000002,52.85000000000001,Predicted,1.0,1
27.900000000000002,59.150000000000006,Predicted,0.0,0
28.0,0.75,Predicted,1.0,1
28.0,25.950000000000003,Predicted,1.0,1
28.0,30.05,Predicted,0.0,1
28.0,53.05,Predicted,1.0,0
28.0,59.25,Predicted,0.0,1
28.1,0.75,Predicted,1.0,1
28.1,26.05,Predicted,1.0,0
28.1,30.150000000000002,Predicted,0.0,1
28.1,53.25,Predicted,1.0,0
28.1,59.45,Predicted,0.0,1
28.200000000000003,0.75,Predicted,1.0,1
28.200000000000003,26.150000000000002,Predicted,1.0,0
28.200000000000003,30.25,Predicted,0.0,1
28.200000000000003,53.45,Predicted,1.0,0
28.200000000000003,59.650000000000006,Predicted,0.0,0
28.3,0.75,Predicted,1.0,1
28.3,26.25,Predicted,1.0,0
28.3,30.35,Predicted,0.0,1
28.3,53.650000000000006,Predicted,0.0,1
28.3,59.85000000000001,Predicted,0.0,0
28.400000000000002,0.75,Predicted,1.0,1
28.400000000000002,26.35,Predicted,1.0,0
28.400000000000002,30.450000000000003,Predicted,0.0,0
28.400000000000002,53.85000000000001,Predicted,0.0,1
28.400000000000002,60.05,Predicted,0.0,1
28.5,0.75,Predicted,1.0,1
28.5,26.450000000000003,Predicted,1.0,1
28.5,30.55,Predicted,0.0,1
28.5,54.05,Predicted,0.0,0
28.5,60.25,Predicted,0.0,1
28.6,0.75,Predicted,1.0,1
28.6,26.55,Predicted,1.0,0
28.6,30.650000000000002,Predicted,0.0,1
28.6,54.25,Predicted,0.0,0
28.6,60.45,Predicted,0.0,1
28.700000000000003,0.75,Predicted,1.0,1
28.700000000000003,26.650000000000002,Predicted,1.0,0
28.700000000000003,30.650000000000002,Predicted,0.0,1
28.700000000000003,54.45,Predicted,0.0,0
28.700000000000003,60.650000000000006,Predicted,0.0,0
28.8,0.6500000000000001,Predicted,1.0,0
28.8,26.75,Predicted,1.0,0
28.8,30.75,Predicted,0.0,1
28.8,54.650000000000006,Predicted,0.0,1
28.8,60.85000000000001,Predicted,0.0,0
28.900000000000002,0.6500000000000001,Predicted,1.0,0
28.900000000000002,26.85,Predicted,1.0,0
28.900000000000002,30.85,Predicted,0.0,1
28.900000000000002,54.85000000000001,Predicted,0.0,1
28.900000000000002,61.05,Predicted,0.0,1
29.0,0.6500000000000001,Predicted,1.0,0
29.0,26.950000000000003,Predicted,1.0,1
29.0,30.950000000000003,Predicted,0.0,0
29.0,55.05,Predicted,0.0,0
29.0,61.25,Predicted,0.0,1
29.1,0.6500000000000001,Predicted,1.0,0
29.1,27.05,Predicted,1.0,0
29.1,31.05,Predicted,0.0,1
29.1,55.25,Predicted,0.0,0
29.1,61.45,Predicted,0.0,1
29.200000000000003,0.6500000000000001,Predicted,1.0,0
29.200000000000003,27.150000000000002,Predicted,1.0,0
29.200000000000003,31.150000000000002,Predicted,0.0,1
29.200000000000003,55.45,Predicted,0.0,0
29.200000000000003,61.650000000000006,Predicted,0.0,0
29.3,0.6500000000000001,Predicted,1.0,0
29.3,27.25,Predicted,1.0,0
29.3,31.25,Predicted,0.0,1
29.3,55.650000000000006,Predicted,0.0,1
29.3,61.85000000000001,Predicted,0.0,0
29.400000000000002,0.6500000000000001,Predicted,1.0,0
29.400000000000002,27.35,Predicted,1.0,0
29.400000000000002,31.35,Predicted,0.0,1
29.400000000000002,55.85000000000001,Predicted,0.0,1
29.400000000000002,62.05,Predicted,0.0,1
29.5,0.6500000000000001,Predicted,1.0,0
29.5,27.450000000000003,Predicted,0.0,1
29.5,31.450000000000003,Predicted,0.0,0
29.5,56.05,Predicted,0.0,0
29.5,62.25,Predicted,0.0,1
29.6,0.6500000000000001,Predicted,1.0,0
29.6,27.55,Predicted,0.0,0
29.6,31.55,Predicted,0.0,1
29.6,56.25,Predicted,0.0,0
29.6,62.45,Predicted,0.0,1
29.700000000000003,0.6500000000000001,Predicted,1.0,0
29.700000000000003,27.650000000000002,Predicted,0.0,0
29.700000000000003,31.650000000000002,Predicted,0.0,1
29.700000000000003,56.45,Predicted,0.0,0
29.700000000000003,62.650000000000006,Predicted,0.0,0
29.8,0.6500000000000001,Predicted,1.0,0
29.8,27.650000000000002,Predicted,0.0,0
29.8,31.75,Predicted,0.0,1
29.8,56.650000000000006,Predicted,0.0,1
29.8,62.85000000000001,Predicted,0.0,0
29.900000000000002,0.6500000000000001,Predicted,1.0,0
29.900000000000002,27.75,Predicted,0.0,0
29.900000000000002,31.85,Predicted,0.0,1
29.900000000000002,56.95,Predicted,0.0,0
29.900000000000002,63.05,Predicted,0.0,1
30.0,0.6500000000000001,Predicted,1.0,0
30.0,27.85,Predicted,0.0,0
30.0,31.950000000000003,Predicted,0.0,0
30.0,57.150000000000006,Predicted,0.0,1
30.0,63.25,Predicted,0.0,1
30.1,0.6500000000000001,Predicted,1.0,0
30.1,27.950000000000003,Predicted,0.0,1
30.1,32.05,Predicted,0.0,1
30.1,57.35000000000001,Predicted,0.0,1
30.1,63.45,Predicted,0.0,1
30.200000000000003,0.6500000000000001,Predicted,1.0,0
30.200000000000003,28.05,Predicted,0.0,0
30.200000000000003,32.150000000000006,Predicted,0.0,0
30.200000000000003,57.55,Predicted,0.0,0
30.200000000000003,63.650000000000006,Predicted,0.0,0
30.3,0.6500000000000001,Predicted,1.0,0
30.3,28.150000000000002,Predicted,0.0,0
30.3,32.25,Predicted,0.0,1
30.3,57.75,Predicted,0.0,0
30.3,63.85000000000001,Predicted,0.0,0
30.400000000000002,0.6500000000000001,Predicted,1.0,0
30.400000000000002,28.25,Predicted,0.0,0
30.400000000000002,32.35,Predicted,0.0,1
30.400000000000002,57.95,Predicted,0.0,0
30.400000000000002,64.05000000000001,Predicted,0.0,0
30.5,0.55,Predicted,1.0,1
30.5,28.35,Predicted,0.0,0
30.5,32.45,Predicted,0.0,0
30.5,58.150000000000006,Predicted,0.0,1
30.5,64.25,Predicted,0.0,1
30.6,0.55,Predicted,1.0,1
30.6,28.450000000000003,Predicted,0.0,1
30.6,32.55,Predicted,0.0,1
30.6,58.35000000000001,Predicted,0.0,1
30.6,64.45,Predicted,0.0,1
30.700000000000003,0.55,Predicted,1.0,1
30.700000000000003,28.55,Predicted,0.0,0
30.700000000000003,32.650000000000006,Predicted,0.0,0
30.700000000000003,58.55,Predicted,0.0,0
30.700000000000003,64.65,Predicted,0.0,1
30.8,0.55,Predicted,1.0,1
30.8,28.650000000000002,Predicted,0.0,0
30.8,32.75,Predicted,0.0,1
30.8,58.75,Predicted,0.0,0
30.8,64.85,Predicted,0.0,1
30.900000000000002,0.55,Predicted,1.0,1
30.900000000000002,28.75,Predicted,0.0,0
30.900000000000002,32.85,Predicted,0.0,1
30.900000000000002,58.95,Predicted,0.0,0
30.900000000000002,65.05000000000001,Predicted,0.0,0
31.0,0.55,Predicted,1.0,1
31.0,28.85,Predicted,0.0,0
31.0,32.95,Predicted,0.0,0
31.0,59.25,Predicted,0.0,0
31.0,65.25,Predicted,0.0,1
31.1,0.55,Predicted,1.0,1
31.1,28.950000000000003,Predicted,0.0,1
31.1,33.05,Predicted,0.0,1
31.1,59.45,Predicted,0.0,0
31.1,65.45,Predicted,0.0,1
31.200000000000003,0.55,Predicted,1.0,1
31.200000000000003,29.05,Predicted,0.0,0
31.200000000000003,33.150000000000006,Predicted,0.0,0
31.200000000000003,59.75,Predicted,0.0,0
31.200000000000003,65.65,Predicted,0.0,1
31.3,0.55,Predicted,1.0,1
31.3,29.150000000000002,Predicted,0.0,0
31.3,33.25,Predicted,0.0,1
31.3,59.95,Predicted,0.0,0
31.3,65.85,Predicted,0.0,1
31.400000000000002,0.55,Predicted,1.0,1
31.400000000000002,29.25,Predicted,0.0,0
31.400000000000002,33.35,Predicted,0.0,1
31.400000000000002,60.150000000000006,Predicted,0.0,1
31.400000000000002,66.05000000000001,Predicted,0.0,0
31.5,0.55,Predicted,1.0,1
31.5,29.35,Predicted,0.0,0
31.5,33.45,Predicted,0.0,0
31.5,60.45,Predicted,0.0,0
31.5,66.25,Predicted,0.0,1
31.6,0.55,Predicted,1.0,1
31.6,29.450000000000003,Predicted,0.0,1
31.6,33.55,Predicted,0.0,1
31.6,60.650000000000006,Predicted,0.0,1
31.6,66.45,Predicted,0.0,1
31.700000000000003,0.55,Predicted,1.0,1
31.700000000000003,29.55,Predicted,0.0,0
31.700000000000003,33.650000000000006,Predicted,0.0,0
31.700000000000003,60.85000000000001,Predicted,0.0,1
31.700000000000003,66.65,Predicted,0.0,1
31.8,0.55,Predicted,1.0,1
31.8,29.650000000000002,Predicted,0.0,0
31.8,33.75,Predicted,0.0,1
31.8,61.150000000000006,Predicted,0.0,1
31.8,66.85,Predicted,0.0,1
31.900000000000002,0.55,Predicted,1.0,1
31.900000000000002,29.75,Predicted,0.0,0
31.900000000000002,33.75,Predicted,0.0,1
31.900000000000002,61.35000000000001,Predicted,0.0,1
31.900000000000002,67.05000000000001,Predicted,0.0,0
32.0,0.55,Predicted,1.0,1
32.0,29.85,Predicted,0.0,0
32.0,33.85,Predicted,0.0,1
32.0,61.650000000000006,Predicted,0.0,1
32.0,67.25,Predicted,0.0,1
32.1,0.55,Predicted,1.0,1
32.1,29.950000000000003,Predicted,0.0,1
32.1,33.95,Predicted,0.0,0
32.1,61.85000000000001,Predicted,0.0,1
32.1,67.45,Predicted,0.0,1
32.2,0.55,Predicted,1.0,1
32.2,30.05,Predicted,0.0,0
32.2,34.05,Predicted,0.0,1
32.2,62.05,Predicted,0.0,0
32.2,67.65,Predicted,0.0,1
32.300000000000004,0.55,Predicted,1.0,1
32.300000000000004,30.150000000000002,Predicted,0.0,0
32.300000000000004,34.150000000000006,Predicted,0.0,0
32.300000000000004,62.35000000000001,Predicted,0.0,1
32.300000000000004,67.85,Predicted,0.0,1
32.4,0.55,Predicted,1.0,1
32.4,30.25,Predicted,0.0,0
32.4,34.25,Predicted,0.0,1
32.4,62.55,Predicted,0.0,0
32.4,68.05000000000001,Predicted,0.0,0
32.5,0.55,Predicted,1.0,1
32.5,30.35,Predicted,0.0,0
32.5,34.35,Predicted,0.0,1
32.5,62.85000000000001,Predicted,0.0,1
32.5,68.25,Predicted,0.0,1
32.6,0.55,Predicted,1.0,1
32.6,30.450000000000003,Predicted,0.0,1
32.6,34.45,Predicted,0.0,0
32.6,63.05,Predicted,0.0,0
32.6,68.45,Predicted,0.0,1
32.7,0.55,Predicted,1.0,1
32.7,30.55,Predicted,0.0,0
32.7,34.55,Predicted,0.0,1
32.7,63.25,Predicted,0.0,0
32.7,68.65,Predicted,0.0,1
32.800000000000004,0.55,Predicted,1.0,1
32.800000000000004,30.650000000000002,Predicted,0.0,0
32.800000000000004,34.650000000000006,Predicted,0.0,0
32.800000000000004,63.55,Predicted,0.0,0
32.800000000000004,68.85,Predicted,0.0,1
32.9,0.55,Predicted,1.0,1
32.9,30.75,Predicted,0.0,0
32.9,34.75,Predicted,0.0,1
32.9,63.75,Predicted,0.0,0
32.9,69.05000000000001,Predicted,0.0,0
33.0,0.55,Predicted,1.0,1
33.0,30.85,Predicted,0.0,0
33.0,34.85,Predicted,0.0,1
33.0,63.95,Predicted,0.0,0
33.0,69.25,Predicted,0.0,1
33.1,0.55,Predicted,1.0,1
33.1,30.950000000000003,Predicted,0.0,1
33.1,34.95,Predicted,0.0,0
33.1,64.25,Predicted,0.0,0
33.1,69.45,Predicted,0.0,1
33.2,0.55,Predicted,1.0,1
33.2,31.05,Predicted,0.0,0
33.2,35.05,Predicted,0.0,1
33.2,64.45,Predicted,0.0,0
33.2,69.65,Predicted,0.0,1
33.300000000000004,0.55,Predicted,1.0,1
33.300000000000004,31.150000000000002,Predicted,0.0,0
33.300000000000004,35.150000000000006,Predicted,0.0,0
33.300000000000004,64.75,Predicted,0.0,0
33.300000000000004,69.85,Predicted,0.0,1
33.4,0.55,Predicted,1.0,1
33.4,31.25,Predicted,0.0,0
33.4,35.25,Predicted,0.0,1
33.4,64.95,Predicted,0.0,0
33.5,0.55,Predicted,1.0,1
33.5,31.35,Predicted,0.0,0
33.5,35.35,Predicted,0.0,1
33.5,65.15,Predicted,0.0,0
33.6,0.55,Predicted,1.0,1
33.6,31.450000000000003,Predicted,0.0,1
33.6,35.45,Predicted,0.0,0
33.6,65.45,Predicted,0.0,0
33.7,0.55,Predicted,1.0,1
33.7,31.55,Predicted,0.0,0
33.7,35.55,Predicted,0.0,1
33.7,65.65,Predicted,0.0,0
33.800000000000004,0.55,Predicted,1.0,1
33.800000000000004,31.650000000000002,Predicted,0.0,0
33.800000000000004,35.650000000000006,Predicted,0.0,0
33.800000000000004,65.95,Predicted,0.0,0
33.9,0.55,Predicted,1.0,1
33.9,31.75,Predicted,0.0,0
33.9,35.75,Predicted,0.0,1
33.9,66.15,Predicted,0.0,0
34.0,0.55,Predicted,1.0,1
34.0,31.85,Predicted,0.0,0
34.0,35.85,Predicted,0.0,1
34.0,66.35,Predicted,0.0,0
34.1,0.55,Predicted,1.0,1
34.1,31.950000000000003,Predicted,0.0,1
34.1,35.95,Predicted,0.0,0
34.1,66.55000000000001,Predicted,0.0,1
34.2,0.55,Predicted,1.0,1
34.2,32.05,Predicted,0.0,0
34.2,36.05,Predicted,0.0,1
34.2,66.75,Predicted,0.0,0
34.300000000000004,0.55,Predicted,1.0,1
34.300000000000004,32.150000000000006,Predicted,0.0,1
34.300000000000004,36.150000000000006,Predicted,0.0,0
34.300000000000004,67.05000000000001,Predicted,0.0,1
34.4,0.55,Predicted,1.0,1
34.4,32.25,Predicted,0.0,0
34.4,36.25,Predicted,0.0,1
34.4,67.25,Predicted,0.0,0
34.5,0.55,Predicted,1.0,1
34.5,32.35,Predicted,0.0,0
34.5,36.35,Predicted,0.0,1
34.5,67.45,Predicted,0.0,0
34.6,0.55,Predicted,1.0,1
34.6,32.35,Predicted,0.0,0
34.6,36.45,Predicted,0.0,0
34.6,67.65,Predicted,0.0,0
34.7,0.55,Predicted,1.0,1
34.7,32.45,Predicted,0.0,1
34.7,36.55,Predicted,0.0,1
34.7,67.85,Predicted,0.0,0
34.800000000000004,0.55,Predicted,1.0,1
34.800000000000004,32.55,Predicted,0.0,0
34.800000000000004,36.650000000000006,Predicted,0.0,0
34.800000000000004,68.15,Predicted,0.0,0
34.9,0.55,Predicted,1.0,1
34.9,32.650000000000006,Predicted,0.0,1
34.9,36.75,Predicted,0.0,1
34.9,68.35,Predicted,0.0,0
35.0,0.55,Predicted,1.0,1
35.0,32.75,Predicted,0.0,0
35.0,36.85,Predicted,0.0,1
35.0,68.55000000000001,Predicted,0.0,1
35.1,0.55,Predicted,1.0,1
35.1,32.85,Predicted,0.0,0
35.1,36.85,Predicted,0.0,1
35.1,68.75,Predicted,0.0,0
35.2,0.55,Predicted,1.0,1
35.2,32.95,Predicted,0.0,1
35.2,36.95,Predicted,0.0,0
35.2,69.05000000000001,Predicted,0.0,1
35.300000000000004,0.55,Predicted,1.0,1
35.300000000000004,33.05,Predicted,0.0,0
35.300000000000004,37.05,Predicted,0.0,1
35.300000000000004,69.25,Predicted,0.0,0
35.4,0.55,Predicted,1.0,1
35.4,33.150000000000006,Predicted,0.0,1
35.4,37.150000000000006,Predicted,0.0,0
35.4,69.45,Predicted,0.0,0
35.5,0.6500000000000001,Predicted,1.0,0
35.5,33.25,Predicted,0.0,0
35.5,37.25,Predicted,0.0,1
35.5,69.65,Predicted,0.0,0
35.6,0.6500000000000001,Predicted,1.0,0
35.6,33.35,Predicted,0.0,0
35.6,37.35,Predicted,0.0,1
35.6,69.85,Predicted,0.0,0
35.7,0.6500000000000001,Predicted,1.0,0
35.7,33.45,Predicted,0.0,1
35.7,37.45,Predicted,0.0,0
35.800000000000004,0.6500000000000001,Predicted,1.0,0
35.800000000000004,33.55,Predicted,0.0,0
35.800000000000004,37.55,Predicted,0.0,1
35.9,0.6500000000000001,Predicted,1.0,0
35.9,33.650000000000006,Predicted,0.0,1
35.9,37.650000000000006,Predicted,0.0,0
36.0,0.6500000000000001,Predicted,1.0,0
36.0,33.75,Predicted,0.0,0
36.0,37.75,Predicted,0.0,1
36.1,0.6500000000000001,Predicted,1.0,0
36.1,33.85,Predicted,0.0,0
36.1,37.85,Predicted,0.0,1
36.2,0.6500000000000001,Predicted,1.0,0
36.2,33.95,Predicted,0.0,1
36.2,37.95,Predicted,0.0,0
36.300000000000004,0.6500000000000001,Predicted,1.0,0
36.300000000000004,34.05,Predicted,0.0,0
36.300000000000004,38.05,Predicted,0.0,1
36.4,0.6500000000000001,Predicted,1.0,0
36.4,34.150000000000006,Predicted,0.0,1
36.4,38.150000000000006,Predicted,0.0,0
36.5,0.6500000000000001,Predicted,1.0,0
36.5,34.25,Predicted,0.0,0
36.5,38.25,Predicted,0.0,1
36.6,0.6500000000000001,Predicted,1.0,0
36.6,34.35,Predicted,0.0,0
36.6,38.35000000000001,Predicted,0.0,0
36.7,0.6500000000000001,Predicted,1.0,0
36.7,34.45,Predicted,0.0,1
36.7,38.45,Predicted,0.0,1
36.800000000000004,0.6500000000000001,Predicted,1.0,0
36.800000000000004,34.55,Predicted,0.0,0
36.800000000000004,38.55,Predicted,0.0,1
36.9,0.6500000000000001,Predicted,1.0,0
36.9,34.650000000000006,Predicted,0.0,1
36.9,38.650000000000006,Predicted,0.0,0
37.0,0.6500000000000001,Predicted,1.0,0
37.0,34.75,Predicted,0.0,0
37.0,38.75,Predicted,0.0,1
37.1,0.6500000000000001,Predicted,1.0,0
37.1,34.85,Predicted,0.0,0
37.1,38.85000000000001,Predicted,0.0,0
37.2,0.6500000000000001,Predicted,1.0,0
37.2,34.95,Predicted,0.0,1
37.2,38.95,Predicted,0.0,1
37.300000000000004,0.6500000000000001,Predicted,1.0,0
37.300000000000004,35.05,Predicted,0.0,0
37.300000000000004,39.05,Predicted,0.0,1
37.4,0.6500000000000001,Predicted,1.0,0
37.4,35.150000000000006,Predicted,0.0,1
37.4,39.150000000000006,Predicted,0.0,0
37.5,0.6500000000000001,Predicted,1.0,0
37.5,35.25,Predicted,0.0,0
37.5,39.25,Predicted,0.0,1
37.6,0.6500000000000001,Predicted,1.0,0
37.6,35.35,Predicted,0.0,0
37.6,39.35000000000001,Predicted,0.0,0
37.7,0.55,Predicted,1.0,1
37.7,35.45,Predicted,0.0,1
37.7,39.45,Predicted,0.0,1
37.800000000000004,0.55,Predicted,1.0,1
37.800000000000004,35.55,Predicted,0.0,0
37.800000000000004,39.55,Predicted,0.0,1
37.9,0.55,Predicted,1.0,1
37.9,35.650000000000006,Predicted,0.0,1
37.9,39.650000000000006,Predicted,0.0,0
38.0,0.55,Predicted,1.0,1
38.0,35.75,Predicted,0.0,0
38.0,39.75,Predicted,0.0,1
38.1,0.55,Predicted,1.0,1
38.1,35.85,Predicted,0.0,0
38.1,39.85000000000001,Predicted,0.0,0
38.2,0.55,Predicted,1.0,1
38.2,35.95,Predicted,0.0,1
38.2,39.95,Predicted,0.0,1
38.300000000000004,0.55,Predicted,1.0,1
38.300000000000004,36.05,Predicted,0.0,0
38.300000000000004,39.95,Predicted,0.0,1
38.400000000000006,0.55,Predicted,1.0,1
38.400000000000006,36.150000000000006,Predicted,0.0,1
38.400000000000006,40.05,Predicted,0.0,1
38.5,0.55,Predicted,1.0,1
38.5,36.25,Predicted,0.0,0
38.5,40.150000000000006,Predicted,0.0,0
38.6,0.55,Predicted,1.0,1
38.6,0.75,Predicted,1.0,0
38.6,0.8500000000000001,Predicted,1.0,0
38.6,36.35,Predicted,0.0,0
38.6,40.25,Predicted,0.0,1
38.7,0.15000000000000002,Predicted,1.0,1
38.7,0.55,Predicted,1.0,1
38.7,0.75,Predicted,1.0,0
38.7,0.8500000000000001,Predicted,1.0,0
38.7,36.45,Predicted,0.0,1
38.7,40.35000000000001,Predicted,0.0,0
38.800000000000004,0.25,Predicted,1.0,0
38.800000000000004,0.55,Predicted,1.0,1
38.800000000000004,0.75,Predicted,1.0,0
38.800000000000004,0.8500000000000001,Predicted,1.0,0
38.800000000000004,36.55,Predicted,0.0,0
38.800000000000004,40.45,Predicted,0.0,1
38.900000000000006,0.35000000000000003,Predicted,1.0,0
38.900000000000006,0.55,Predicted,1.0,1
38.900000000000006,0.75,Predicted,1.0,0
38.900000000000006,0.8500000000000001,Predicted,1.0,0
38.900000000000006,36.650000000000006,Predicted,0.0,1
38.900000000000006,40.55,Predicted,0.0,1
39.0,0.6500000000000001,Predicted,1.0,1
39.0,0.95,Predicted,1.0,1
39.0,36.75,Predicted,0.0,0
39.0,40.650000000000006,Predicted,0.0,0
39.1,0.6500000000000001,Predicted,1.0,1
39.1,0.95,Predicted,1.0,1
39.1,36.85,Predicted,0.0,0
39.1,40.75,Predicted,0.0,1
39.2,0.6500000000000001,Predicted,1.0,1
39.2,0.95,Predicted,1.0,1
39.2,36.95,Predicted,0.0,1
39.2,40.85000000000001,Predicted,0.0,0
39.300000000000004,0.6500000000000001,Predicted,1.0,1
39.300000000000004,0.95,Predicted,1.0,1
39.300000000000004,37.05,Predicted,0.0,0
39.300000000000004,40.95,Predicted,0.0,1
39.400000000000006,0.6500000000000001,Predicted,1.0,1
39.400000000000006,1.05,Predicted,1.0,1
39.400000000000006,37.05,Predicted,0.0,0
39.400000000000006,41.05,Predicted,0.0,1
39.5,0.6500000000000001,Predicted,1.0,1
39.5,1.05,Predicted,1.0,1
39.5,37.150000000000006,Predicted,0.0,1
39.5,41.150000000000006,Predicted,0.0,0
39.6,0.6500000000000001,Predicted,1.0,1
39.6,1.05,Predicted,1.0,1
39.6,37.25,Predicted,0.0,0
39.6,41.25,Predicted,0.0,1
39.7,0.6500000000000001,Predicted,1.0,1
39.7,1.05,Predicted,1.0,1
39.7,37.35,Predicted,0.0,0
39.7,41.35000000000001,Predicted,0.0,0
39.800000000000004,0.75,Predicted,1.0,0
39.800000000000004,1.05,Predicted,1.0,1
39.800000000000004,37.45,Predicted,0.0,1
39.800000000000004,41.45,Predicted,0.0,1
39.900000000000006,0.75,Predicted,1.0,0
39.900000000000006,1.1500000000000001,Predicted,0.0,1
39.900000000000006,37.55,Predicted,0.0,0
39.900000000000006,41.55,Predicted,0.0,1
40.0,0.75,Predicted,1.0,0
40.0,1.1500000000000001,Predicted,0.0,1
40.0,37.650000000000006,Predicted,0.0,1
40.0,41.650000000000006,Predicted,0.0,0
